{
  "schemaVersion": 2,
  "legacy_skinpacks:birthday_5": -50,
  "legacy_skinpacks:birthday_4": {"after": "legacy_skinpacks:birthday_5"},
  "legacy_skinpacks:birthday_2": {"after": "legacy_skinpacks:birthday_3"},
  "legacy_skinpacks:birthday_1": {"after": "legacy_skinpacks:birthday_2"},
  "legacy_skinpacks:potc": {"after": "legacy_skinpacks:birthday_1"},
  "legacy_skinpacks:adventure_time": {"after": "legacy_skinpacks:potc"},
  "legacy_skinpacks:battle_beasts_1": 100,
  "legacy_skinpacks:battle_beasts_2": {"after": "legacy_skinpacks:battle_beasts_1"},
  "legacy_skinpacks:biome_settlers_1": {"after": "legacy_skinpacks:battle_beasts_2"},
  "legacy_skinpacks:biome_settlers_2": {"after": "legacy_skinpacks:biome_settlers_1"},
  "legacy_skinpacks:biome_settlers_3": {"after": "legacy_skinpacks:biome_settlers_2"},
  "legacy_skinpacks:campfire_tales": {"after": "legacy_skinpacks:biome_settlers_3"},
  "legacy_skinpacks:egyptian_mythology": {"after": "legacy_skinpacks:campfire_tales"},
  "legacy_skinpacks:final_fantasy": {"after": "legacy_skinpacks:egyptian_mythology"},
  "legacy_skinpacks:festive_mashup": {"after": "legacy_skinpacks:final_fantasy"},
  "legacy_skinpacks:festive_pack": {"after": "legacy_skinpacks:festive_mashup"},
  "legacy_skinpacks:halloween_mashup": {"after": "legacy_skinpacks:festive_pack"},
  "legacy_skinpacks:halloween_charity": {"after": "legacy_skinpacks:halloween_mashup"},
  "legacy_skinpacks:little_big_planet": {"after": "legacy_skinpacks:halloween_charity"},
  "legacy_skinpacks:minecon_2017": {"after": "legacy_skinpacks:little_big_planet"},
  "legacy_skinpacks:magic": {"after": "legacy_skinpacks:minecon_2017"},
  "legacy_skinpacks:avengers": {"after": "legacy_skinpacks:magic"},
  "legacy_skinpacks:gotg": {"after": "legacy_skinpacks:avengers"},
  "legacy_skinpacks:spiderman": {"after": "legacy_skinpacks:gotg"},
  "legacy_skinpacks:mass_effect": {"after": "legacy_skinpacks:spiderman"},
  "legacy_skinpacks:minecon_2015": {"after": "legacy_skinpacks:mass_effect"},
  "legacy_skinpacks:minecon_2016": {"after": "legacy_skinpacks:minecon_2015"},
  "legacy_skinpacks:power_rangers": {"after": "legacy_skinpacks:minecon_2016"},
  "legacy_skinpacks:redstone_specialists": {"after": "legacy_skinpacks:power_rangers"},
  "legacy_skinpacks:sp1": {"after": "legacy_skinpacks:redstone_specialists"},
  "legacy_skinpacks:sp2": {"after": "legacy_skinpacks:sp1"},
  "legacy_skinpacks:sp3": {"after": "legacy_skinpacks:sp2"},
  "legacy_skinpacks:sp4": {"after": "legacy_skinpacks:sp3"},
  "legacy_skinpacks:sp5": {"after": "legacy_skinpacks:sp4"},
  "legacy_skinpacks:sp6": {"after": "legacy_skinpacks:sp5"},
  "legacy_skinpacks:star_wars_solo": {"after": "legacy_skinpacks:sp6"},
  "legacy_skinpacks:star_wars_classic": {"after": "legacy_skinpacks:star_wars_solo"},
  "legacy_skinpacks:star_wars_prequel": {"after": "legacy_skinpacks:star_wars_classic"},
  "legacy_skinpacks:star_wars_rebels": {"after": "legacy_skinpacks:star_wars_prequel"},
  "legacy_skinpacks:star_wars_sequel": {"after": "legacy_skinpacks:star_wars_rebels"},
  "legacy_skinpacks:mc_storymode": {"after": "legacy_skinpacks:star_wars_sequel"},
  "legacy_skinpacks:strangerthings": {"after": "legacy_skinpacks:mc_storymode"},
  "legacy_skinpacks:summer_of_arcade": {"after": "legacy_skinpacks:strangerthings"},
  "legacy_skinpacks:skyrim": {"after": "legacy_skinpacks:summer_of_arcade"},
  "legacy_skinpacks:simpsons": {"after": "legacy_skinpacks:skyrim"},
  "legacy_skinpacks:villains": {"after": "legacy_skinpacks:simpsons"}
}