{
  "schemaVersion": 1,
  "namemc-packs:christmas2024": {
    "icon": "namemc-packs:christmas20242.png",
    "skins": [
      {
        "model": "namemc-packs:skinpacks/christmas-alex.cpmmodel",
        "creditsLink": "https://namemc.com/skin/7203ea18c94364aa"
      },
      {
        "model": "namemc-packs:skinpacks/christmas-steve.cpmmodel",
        "creditsLink": "https://namemc.com/skin/595a20b9cc922646"
      },
      {
        "model": "namemc-packs:skinpacks/christmas-zuri.cpmmodel",
        "creditsLink": "https://namemc.com/skin/c08eea6ace69032e"
      },
      {
        "model": "namemc-packs:skinpacks/festive-steve.cpmmodel",
        "creditsLink": "https://namemc.com/skin/8b2dba69af4482c2"
      },
      {
        "model": "namemc-packs:skinpacks/chicken-detective.cpmmodel",
        "creditsLink": "https://namemc.com/skin/ec2179fdb2d6096a"
      },
      {
        "model": "namemc-packs:skinpacks/festive-grain.cpmmodel",
        "creditsLink": "https://namemc.com/skin/da455526a6816808"
      }
    ]
  }
}